[{"id":"6283141727903@s.whatsapp.net","xp":5000223019,"level":496},{"id":"6285216182994@s.whatsapp.net","xp":1,"level":1},{"id":"6283820658771@s.whatsapp.net","xp":44909,"level":4},{"id":"6288270965018@s.whatsapp.net","xp":1,"level":1},{"id":"6282363245274@s.whatsapp.net","xp":29304,"level":3},{"id":"6285600192853@s.whatsapp.net","xp":1,"level":1},{"id":"6282277050720@s.whatsapp.net","xp":1,"level":1},{"id":"6288233773832@s.whatsapp.net","xp":1,"level":1},{"id":"6285702102880@s.whatsapp.net","xp":51122,"level":4},{"id":"6281215956229@s.whatsapp.net","xp":12604,"level":2},{"id":"6282269225238@s.whatsapp.net","xp":24222,"level":3},{"id":"6283141537907@s.whatsapp.net","xp":1,"level":1},{"id":"6289530334509@s.whatsapp.net","xp":1,"level":1},{"id":"6285892657297@s.whatsapp.net","xp":1,"level":1},{"id":"6281545444349@s.whatsapp.net","xp":3533,"level":1},{"id":"6282317331165@s.whatsapp.net","xp":26727,"level":3},{"id":"6285255650064@s.whatsapp.net","xp":1,"level":1},{"id":"6285225859392@s.whatsapp.net","xp":1,"level":1},{"id":"6281270413437@s.whatsapp.net","xp":1,"level":1},{"id":"6285713621400@s.whatsapp.net","xp":1,"level":1},{"id":"62895632105798@s.whatsapp.net","xp":1,"level":1},{"id":"628999343953@s.whatsapp.net","xp":1,"level":1},{"id":"6282323835783@s.whatsapp.net","xp":1,"level":1},{"id":"6283144687561@s.whatsapp.net","xp":5045,"level":2},{"id":"62895328860901@s.whatsapp.net","xp":1,"level":1},{"id":"6283108825699@s.whatsapp.net","xp":1,"level":1},{"id":"6282150511754@s.whatsapp.net","xp":3527,"level":1},{"id":"6289514293127@s.whatsapp.net","xp":1,"level":1},{"id":"919733996231@s.whatsapp.net","xp":1,"level":1},{"id":"6287891494113@s.whatsapp.net","xp":1,"level":1},{"id":"6285710805759@s.whatsapp.net","xp":1,"level":1},{"id":"6289628294178@s.whatsapp.net","xp":1,"level":1},{"id":"6287837083743@s.whatsapp.net","xp":1,"level":1},{"id":"6289525689373@s.whatsapp.net","xp":1,"level":1},{"id":"6283141432993@s.whatsapp.net","xp":1,"level":1},{"id":"62859159874482@s.whatsapp.net","xp":9083,"level":2},{"id":"6282253748613@s.whatsapp.net","xp":1,"level":1},{"id":"6283117478704@s.whatsapp.net","xp":1,"level":1},{"id":"6281553028032@s.whatsapp.net","xp":1,"level":1},{"id":"6281214051949@s.whatsapp.net","xp":1,"level":1},{"id":"6285774915506@s.whatsapp.net","xp":1,"level":1},{"id":"6285718304056@s.whatsapp.net","xp":22668,"level":3},{"id":"6289505345056@s.whatsapp.net","xp":1,"level":1},{"id":"14377471515@s.whatsapp.net","xp":1,"level":1},{"id":"6282369938362@s.whatsapp.net","xp":1,"level":1},{"id":"6282386220208@s.whatsapp.net","xp":1,"level":1},{"id":"62895809432121@s.whatsapp.net","xp":1,"level":1},{"id":"6285894517503@s.whatsapp.net","xp":1,"level":1},{"id":"6285783166917@s.whatsapp.net","xp":1,"level":1},{"id":"6288289976166@s.whatsapp.net","xp":25196,"level":3},{"id":"6283869588191@s.whatsapp.net","xp":1,"level":1},{"id":"6283879630601@s.whatsapp.net","xp":2019,"level":1},{"id":"6282130760412@s.whatsapp.net","xp":1,"level":1},{"id":"919840169199@s.whatsapp.net","xp":508,"level":1},{"id":"628816799742@s.whatsapp.net","xp":1,"level":1},{"id":"6283143632488@s.whatsapp.net","xp":1,"level":1},{"id":"6285260931198@s.whatsapp.net","xp":1,"level":1},{"id":"6289670921993@s.whatsapp.net","xp":1,"level":1},{"id":"6281276075876@s.whatsapp.net","xp":1,"level":1},{"id":"6283806614443@s.whatsapp.net","xp":1,"level":1},{"id":"6289508666584@s.whatsapp.net","xp":1,"level":1},{"id":"6287745578124@s.whatsapp.net","xp":1,"level":1},{"id":"6285753600743@s.whatsapp.net","xp":1,"level":1},{"id":"6283140210576@s.whatsapp.net","xp":1,"level":1},{"id":"62895422885307@s.whatsapp.net","xp":1,"level":1},{"id":"6281359029018@s.whatsapp.net","xp":1011,"level":1},{"id":"6282245431626@s.whatsapp.net","xp":1,"level":1},{"id":"6289601718799@s.whatsapp.net","xp":1404,"level":1},{"id":"6285238200180@s.whatsapp.net","xp":1,"level":1},{"id":"6282341948347@s.whatsapp.net","xp":1,"level":1},{"id":"6285817812250@s.whatsapp.net","xp":1,"level":1},{"id":"6285783787879@s.whatsapp.net","xp":1,"level":1},{"id":"6285717929156@s.whatsapp.net","xp":1,"level":1},{"id":"6283111895333@s.whatsapp.net","xp":1,"level":1},{"id":"6282111801832@s.whatsapp.net","xp":1,"level":1},{"id":"6281233649676@s.whatsapp.net","xp":54844,"level":1},{"id":"6282376024452@s.whatsapp.net","xp":1,"level":1},{"id":"6282122491315@s.whatsapp.net","xp":1,"level":1},{"id":"6285609277497@s.whatsapp.net","xp":2526,"level":1},{"id":"6281572248964@s.whatsapp.net","xp":1,"level":1},{"id":"6288298603557@s.whatsapp.net","xp":1,"level":1},{"id":"6282311691249@s.whatsapp.net","xp":1,"level":1},{"id":"6282285350967@s.whatsapp.net","xp":1,"level":1},{"id":"6288224330790@s.whatsapp.net","xp":1,"level":1},{"id":"6282116951330@s.whatsapp.net","xp":1,"level":1},{"id":"6289652382187@s.whatsapp.net","xp":1,"level":1},{"id":"6282144626254@s.whatsapp.net","xp":1,"level":1},{"id":"6283162358504@s.whatsapp.net","xp":1,"level":1},{"id":"6283156684615@s.whatsapp.net","xp":1,"level":1},{"id":"6289628539973@s.whatsapp.net","xp":1,"level":1},{"id":"6283897819358@s.whatsapp.net","xp":1,"level":1},{"id":"6282161219403@s.whatsapp.net","xp":1,"level":1},{"id":"62895346285772@s.whatsapp.net","xp":1,"level":1},{"id":"62895803746011@s.whatsapp.net","xp":1,"level":1},{"id":"6281367999361@s.whatsapp.net","xp":1516,"level":1},{"id":"628882343812@s.whatsapp.net","xp":1,"level":1},{"id":"62895332982014@s.whatsapp.net","xp":1,"level":1},{"id":"62895603137812@s.whatsapp.net","xp":1,"level":1},{"id":"6288239234709@s.whatsapp.net","xp":1,"level":1},{"id":"6289664708826@s.whatsapp.net","xp":1,"level":1},{"id":"6285602837347@s.whatsapp.net","xp":1,"level":1},{"id":"6285884444822@s.whatsapp.net","xp":20187,"level":3},{"id":"6285705930549@s.whatsapp.net","xp":1,"level":1},{"id":"6285792609298@s.whatsapp.net","xp":5038,"level":2},{"id":"6282256084208@s.whatsapp.net","xp":1,"level":1},{"id":"628871212078@s.whatsapp.net","xp":1,"level":1},{"id":"62887436646272@s.whatsapp.net","xp":28388,"level":1},{"id":"6285942112818@s.whatsapp.net","xp":191604,"level":1},{"id":"6285294377021@s.whatsapp.net","xp":43032,"level":1},{"id":"6281354653679@s.whatsapp.net","xp":1,"level":1},{"id":"6281263615863@s.whatsapp.net","xp":1,"level":1},{"id":"6282130980680@s.whatsapp.net","xp":1,"level":1},{"id":"6283824442304@s.whatsapp.net","xp":8597,"level":2},{"id":"6285253777504@s.whatsapp.net","xp":1,"level":1},{"id":"6282268640507@s.whatsapp.net","xp":1,"level":1},{"id":"628996554883@s.whatsapp.net","xp":505,"level":1},{"id":"62859176877769@s.whatsapp.net","xp":1,"level":1},{"id":"6281573240644@s.whatsapp.net","xp":1,"level":1},{"id":"6283106284897@s.whatsapp.net","xp":1,"level":1},{"id":"6285739720009@s.whatsapp.net","xp":1,"level":1},{"id":"6282228596619@s.whatsapp.net","xp":1,"level":1},{"id":"6285281678400@s.whatsapp.net","xp":1,"level":1},{"id":"6285691890852@s.whatsapp.net","xp":1,"level":1},{"id":"6283159625877@s.whatsapp.net","xp":1,"level":1},{"id":"6283140217653@s.whatsapp.net","xp":1,"level":1},{"id":"6285770781045@s.whatsapp.net","xp":1,"level":1},{"id":"6282363868296@s.whatsapp.net","xp":76154,"level":5},{"id":"6289648099251@s.whatsapp.net","xp":10594,"level":2},{"id":"628889340121@s.whatsapp.net","xp":13618,"level":2},{"id":"919123140213@s.whatsapp.net","xp":1520,"level":1},{"id":"6281227829091@s.whatsapp.net","xp":5554,"level":2},{"id":"6289602707825@s.whatsapp.net","xp":1,"level":1},{"id":"6288299274257@s.whatsapp.net","xp":1502,"level":1},{"id":"6285784864255@s.whatsapp.net","xp":1,"level":1},{"id":"6282117685215@s.whatsapp.net","xp":1,"level":1},{"id":"6287893478735@s.whatsapp.net","xp":20196,"level":3},{"id":"6285869566385@s.whatsapp.net","xp":1,"level":1},{"id":"6283173938705@s.whatsapp.net","xp":1,"level":1},{"id":"6288225007684@s.whatsapp.net","xp":1,"level":1},{"id":"6282172951178@s.whatsapp.net","xp":1,"level":1},{"id":"6283167082099@s.whatsapp.net","xp":1,"level":1},{"id":"6282352127138@s.whatsapp.net","xp":1,"level":1},{"id":"6282159486153@s.whatsapp.net","xp":1,"level":1},{"id":"6281949382630@s.whatsapp.net","xp":1,"level":1},{"id":"6281807529466@s.whatsapp.net","xp":1,"level":1},{"id":"6285895362521@s.whatsapp.net","xp":1,"level":1},{"id":"6285758749895@s.whatsapp.net","xp":1,"level":1},{"id":"6281293715694@s.whatsapp.net","xp":501,"level":1},{"id":"6282378524995@s.whatsapp.net","xp":9592,"level":2},{"id":"62895704151428@s.whatsapp.net","xp":1,"level":1},{"id":"6283891411268@s.whatsapp.net","xp":98924,"level":5},{"id":"6285394106590@s.whatsapp.net","xp":24732,"level":3},{"id":"6289524664142@s.whatsapp.net","xp":48926,"level":4},{"id":"6283829246338@s.whatsapp.net","xp":1,"level":1},{"id":"6281553498695@s.whatsapp.net","xp":1,"level":1},{"id":"6283171097252@s.whatsapp.net","xp":1,"level":1},{"id":"6285231318853@s.whatsapp.net","xp":1,"level":1},{"id":"6285782354674@s.whatsapp.net","xp":1,"level":1},{"id":"6283197488393@s.whatsapp.net","xp":1,"level":1},{"id":"6283192214561@s.whatsapp.net","xp":1,"level":1},{"id":"6281343056851@s.whatsapp.net","xp":1,"level":1},{"id":"6285866295942@s.whatsapp.net","xp":501,"level":1},{"id":"6285775895169@s.whatsapp.net","xp":1,"level":1},{"id":"6281288806778@s.whatsapp.net","xp":1,"level":1},{"id":"6288238455249@s.whatsapp.net","xp":3019,"level":1},{"id":"6287773934243@s.whatsapp.net","xp":1,"level":1},{"id":"6283141727903@s.whatsapp.net","xp":1000114084,"level":103},{"id":"62895422885307@s.whatsapp.net","xp":1,"level":1},{"id":"6283186561317@s.whatsapp.net","xp":1,"level":1},{"id":"6282285350967@s.whatsapp.net","xp":1,"level":1},{"id":"6285817812250@s.whatsapp.net","xp":1,"level":1},{"id":"6285713681675@s.whatsapp.net","xp":1,"level":1},{"id":"6285852783372@s.whatsapp.net","xp":1,"level":1},{"id":"6287773934243@s.whatsapp.net","xp":1,"level":1},{"id":"6281288806778@s.whatsapp.net","xp":1,"level":1},{"id":"6283808011837@s.whatsapp.net","xp":1,"level":1},{"id":"6281358111132@s.whatsapp.net","xp":1,"level":1},{"id":"6282256084208@s.whatsapp.net","xp":1,"level":1},{"id":"6287750962485@s.whatsapp.net","xp":1,"level":1},{"id":"6281263615863@s.whatsapp.net","xp":1,"level":1},{"id":"6283111895333@s.whatsapp.net","xp":1,"level":1},{"id":"6285894517503@s.whatsapp.net","xp":1,"level":1},{"id":"6281354653679@s.whatsapp.net","xp":1,"level":1},{"id":"6285869566385@s.whatsapp.net","xp":1,"level":1},{"id":"6285358313687@s.whatsapp.net","xp":1,"level":1},{"id":"6282245511879@s.whatsapp.net","xp":1,"level":1},{"id":"6281517538136@s.whatsapp.net","xp":12611,"level":2},{"id":"6282150511754@s.whatsapp.net","xp":24197,"level":3},{"id":"6285225859392@s.whatsapp.net","xp":1,"level":1},{"id":"6281545444349@s.whatsapp.net","xp":8084,"level":2},{"id":"6282317331165@s.whatsapp.net","xp":22178,"level":3},{"id":"6281211759211@s.whatsapp.net","xp":1,"level":1},{"id":"6285345819844@s.whatsapp.net","xp":1,"level":1},{"id":"6283820658771@s.whatsapp.net","xp":16678,"level":3},{"id":"6285959696824@s.whatsapp.net","xp":1,"level":1},{"id":"6283180671136@s.whatsapp.net","xp":1,"level":1},{"id":"62887436026119@s.whatsapp.net","xp":1,"level":1},{"id":"6288298603557@s.whatsapp.net","xp":1,"level":1},{"id":"6281572248964@s.whatsapp.net","xp":1,"level":1},{"id":"6283151516695@s.whatsapp.net","xp":1,"level":1},{"id":"6285877012518@s.whatsapp.net","xp":95418,"level":5},{"id":"6288289976166@s.whatsapp.net","xp":1,"level":1},{"id":"6282144626254@s.whatsapp.net","xp":1,"level":1},{"id":"6288214368594@s.whatsapp.net","xp":1,"level":1},{"id":"6281215956229@s.whatsapp.net","xp":16126,"level":3},{"id":"6289635992348@s.whatsapp.net","xp":4033,"level":1},{"id":"6285602837347@s.whatsapp.net","xp":507,"level":1},{"id":"62895332982014@s.whatsapp.net","xp":1,"level":1},{"id":"6282246903852@s.whatsapp.net","xp":1,"level":1},{"id":"6289652013427@s.whatsapp.net","xp":1,"level":1},{"id":"6282134527579@s.whatsapp.net","xp":1,"level":1},{"id":"6287828564139@s.whatsapp.net","xp":1,"level":1},{"id":"6289669054954@s.whatsapp.net","xp":509,"level":1},{"id":"6283101364299@s.whatsapp.net","xp":1,"level":1},{"id":"12036665299@s.whatsapp.net","xp":33811,"level":3},{"id":"6281227829091@s.whatsapp.net","xp":50963,"level":4},{"id":"6283869307554@s.whatsapp.net","xp":1,"level":1},{"id":"6288270965018@s.whatsapp.net","xp":1,"level":1},{"id":"6285702102880@s.whatsapp.net","xp":2022,"level":1},{"id":"6285759784595@s.whatsapp.net","xp":1,"level":1},{"id":"6283800211095@s.whatsapp.net","xp":1,"level":1},{"id":"6287893478735@s.whatsapp.net","xp":3013,"level":1},{"id":"6285238200180@s.whatsapp.net","xp":1,"level":1},{"id":"6282363245274@s.whatsapp.net","xp":19696,"level":3},{"id":"628889340121@s.whatsapp.net","xp":5046,"level":2},{"id":"6287899236416@s.whatsapp.net","xp":1,"level":1},{"id":"6287894015233@s.whatsapp.net","xp":1,"level":1},{"id":"6282374783484@s.whatsapp.net","xp":1,"level":1},{"id":"6288220270652@s.whatsapp.net","xp":1,"level":1},{"id":"62895803746011@s.whatsapp.net","xp":1,"level":1},{"id":"6285885751157@s.whatsapp.net","xp":1,"level":1},{"id":"6288808670134@s.whatsapp.net","xp":1,"level":1},{"id":"6281357245196@s.whatsapp.net","xp":1,"level":1},{"id":"6287787110828@s.whatsapp.net","xp":1,"level":1},{"id":"6281286497036@s.whatsapp.net","xp":1,"level":1},{"id":"62895379190400@s.whatsapp.net","xp":1,"level":1},{"id":"6282216661765@s.whatsapp.net","xp":1,"level":1},{"id":"62895333390883@s.whatsapp.net","xp":1,"level":1},{"id":"6282178980521@s.whatsapp.net","xp":1,"level":1},{"id":"62895800158886@s.whatsapp.net","xp":1,"level":1},{"id":"6282116951330@s.whatsapp.net","xp":1,"level":1},{"id":"6281291698592@s.whatsapp.net","xp":1,"level":1},{"id":"6281235590136@s.whatsapp.net","xp":1,"level":1},{"id":"6285932243545@s.whatsapp.net","xp":1,"level":1},{"id":"6285264896125@s.whatsapp.net","xp":1,"level":1},{"id":"6289605126100@s.whatsapp.net","xp":1,"level":1},{"id":"6281278225066@s.whatsapp.net","xp":1,"level":1},{"id":"6282281984242@s.whatsapp.net","xp":1,"level":1},{"id":"6283140782386@s.whatsapp.net","xp":1,"level":1},{"id":"6289686002830@s.whatsapp.net","xp":1,"level":1},{"id":"628996554883@s.whatsapp.net","xp":501,"level":1},{"id":"6281367999361@s.whatsapp.net","xp":1,"level":1},{"id":"628127646580@s.whatsapp.net","xp":1,"level":1},{"id":"6283173938705@s.whatsapp.net","xp":1,"level":1},{"id":"6281342126289@s.whatsapp.net","xp":1,"level":1},{"id":"6281285305905@s.whatsapp.net","xp":1,"level":1},{"id":"6288299274257@s.whatsapp.net","xp":1008,"level":1},{"id":"6289508666584@s.whatsapp.net","xp":1,"level":1},{"id":"6285713621400@s.whatsapp.net","xp":1,"level":1},{"id":"628975781957@s.whatsapp.net","xp":1,"level":1},{"id":"62859176877769@s.whatsapp.net","xp":1,"level":1},{"id":"6282259682327@s.whatsapp.net","xp":1514,"level":1},{"id":"6283848738763@s.whatsapp.net","xp":6558,"level":2},{"id":"6282220640909@s.whatsapp.net","xp":1,"level":1},{"id":"628871212078@s.whatsapp.net","xp":2022,"level":1},{"id":"6281382325200@s.whatsapp.net","xp":1,"level":1},{"id":"6289648099251@s.whatsapp.net","xp":7068,"level":2},{"id":"6282245431626@s.whatsapp.net","xp":1,"level":1},{"id":"6285782354674@s.whatsapp.net","xp":1,"level":1},{"id":"6289525935179@s.whatsapp.net","xp":1,"level":1},{"id":"6285710805759@s.whatsapp.net","xp":1,"level":1},{"id":"6283151983029@s.whatsapp.net","xp":1,"level":1},{"id":"6282195309799@s.whatsapp.net","xp":1,"level":1},{"id":"6283139679932@s.whatsapp.net","xp":1,"level":1},{"id":"6285732266889@s.whatsapp.net","xp":505,"level":1},{"id":"6282172803249@s.whatsapp.net","xp":1,"level":1},{"id":"6285727128862@s.whatsapp.net","xp":1,"level":1},{"id":"6285807107404@s.whatsapp.net","xp":4545,"level":1},{"id":"62895331428881@s.whatsapp.net","xp":1,"level":1},{"id":"6288806694940@s.whatsapp.net","xp":1,"level":1},{"id":"6283197488393@s.whatsapp.net","xp":1,"level":1},{"id":"6285884444822@s.whatsapp.net","xp":1013,"level":1},{"id":"6285718038935@s.whatsapp.net","xp":2531,"level":1},{"id":"6288270857554@s.whatsapp.net","xp":510,"level":1},{"id":"6283837261215@s.whatsapp.net","xp":1,"level":1}]