[{"id":"6283141727903@s.whatsapp.net","uang":47287},{"id":"6285216182994@s.whatsapp.net","uang":187},{"id":"6283820658771@s.whatsapp.net","uang":4267},{"id":"6288270965018@s.whatsapp.net","uang":29429},{"id":"6282363245274@s.whatsapp.net","uang":12847},{"id":"6285600192853@s.whatsapp.net","uang":468},{"id":"6282277050720@s.whatsapp.net","uang":851},{"id":"6288233773832@s.whatsapp.net","uang":0},{"id":"6285702102880@s.whatsapp.net","uang":21083.5},{"id":"6281215956229@s.whatsapp.net","uang":13636},{"id":"6282269225238@s.whatsapp.net","uang":62764},{"id":"6283141537907@s.whatsapp.net","uang":2081},{"id":"6289530334509@s.whatsapp.net","uang":23411},{"id":"6285892657297@s.whatsapp.net","uang":752},{"id":"6281545444349@s.whatsapp.net","uang":14895},{"id":"6282317331165@s.whatsapp.net","uang":10302},{"id":"6285255650064@s.whatsapp.net","uang":3602},{"id":"6285225859392@s.whatsapp.net","uang":24127},{"id":"6281270413437@s.whatsapp.net","uang":3399},{"id":"6285713621400@s.whatsapp.net","uang":2177},{"id":"62895632105798@s.whatsapp.net","uang":183},{"id":"628999343953@s.whatsapp.net","uang":96},{"id":"6282323835783@s.whatsapp.net","uang":1696},{"id":"6283144687561@s.whatsapp.net","uang":7254},{"id":"62895328860901@s.whatsapp.net","uang":17845},{"id":"6283108825699@s.whatsapp.net","uang":942},{"id":"6282150511754@s.whatsapp.net","uang":18713},{"id":"6289514293127@s.whatsapp.net","uang":30573},{"id":"919733996231@s.whatsapp.net","uang":2480},{"id":"6287891494113@s.whatsapp.net","uang":191},{"id":"6285710805759@s.whatsapp.net","uang":8597},{"id":"6289628294178@s.whatsapp.net","uang":95},{"id":"6287837083743@s.whatsapp.net","uang":186},{"id":"6289525689373@s.whatsapp.net","uang":742},{"id":"6283141432993@s.whatsapp.net","uang":1421},{"id":"62859159874482@s.whatsapp.net","uang":2078},{"id":"6282253748613@s.whatsapp.net","uang":482},{"id":"6283117478704@s.whatsapp.net","uang":1419},{"id":"6281553028032@s.whatsapp.net","uang":0},{"id":"6281214051949@s.whatsapp.net","uang":98},{"id":"6285774915506@s.whatsapp.net","uang":469},{"id":"6285718304056@s.whatsapp.net","uang":9467},{"id":"6289505345056@s.whatsapp.net","uang":19425},{"id":"14377471515@s.whatsapp.net","uang":748},{"id":"6282369938362@s.whatsapp.net","uang":5547},{"id":"6282386220208@s.whatsapp.net","uang":3679},{"id":"62895809432121@s.whatsapp.net","uang":7226},{"id":"6285894517503@s.whatsapp.net","uang":36403},{"id":"6285783166917@s.whatsapp.net","uang":1727},{"id":"6288289976166@s.whatsapp.net","uang":22688},{"id":"6283869588191@s.whatsapp.net","uang":18074},{"id":"6283879630601@s.whatsapp.net","uang":4472},{"id":"6282130760412@s.whatsapp.net","uang":2742},{"id":"919840169199@s.whatsapp.net","uang":1129},{"id":"628816799742@s.whatsapp.net","uang":2641},{"id":"6283143632488@s.whatsapp.net","uang":97},{"id":"6285260931198@s.whatsapp.net","uang":662},{"id":"6289670921993@s.whatsapp.net","uang":91},{"id":"6281276075876@s.whatsapp.net","uang":1989},{"id":"6283806614443@s.whatsapp.net","uang":90},{"id":"6289508666584@s.whatsapp.net","uang":951},{"id":"6287745578124@s.whatsapp.net","uang":187},{"id":"6285753600743@s.whatsapp.net","uang":190},{"id":"6283140210576@s.whatsapp.net","uang":185},{"id":"62895422885307@s.whatsapp.net","uang":25213},{"id":"6281359029018@s.whatsapp.net","uang":10449},{"id":"6282245431626@s.whatsapp.net","uang":834},{"id":"6289601718799@s.whatsapp.net","uang":2780},{"id":"6285238200180@s.whatsapp.net","uang":16148},{"id":"6282341948347@s.whatsapp.net","uang":0},{"id":"6285817812250@s.whatsapp.net","uang":18198},{"id":"6285783787879@s.whatsapp.net","uang":281},{"id":"6285717929156@s.whatsapp.net","uang":1036},{"id":"6283111895333@s.whatsapp.net","uang":16392},{"id":"6282111801832@s.whatsapp.net","uang":840},{"id":"6281233649676@s.whatsapp.net","uang":2752},{"id":"6282376024452@s.whatsapp.net","uang":3283},{"id":"6282122491315@s.whatsapp.net","uang":482},{"id":"6285609277497@s.whatsapp.net","uang":4652},{"id":"6281572248964@s.whatsapp.net","uang":44723},{"id":"6288298603557@s.whatsapp.net","uang":29545},{"id":"6282311691249@s.whatsapp.net","uang":1111},{"id":"6282285350967@s.whatsapp.net","uang":9559},{"id":"6288224330790@s.whatsapp.net","uang":2996},{"id":"6282116951330@s.whatsapp.net","uang":6235},{"id":"6289652382187@s.whatsapp.net","uang":562},{"id":"6282144626254@s.whatsapp.net","uang":198},{"id":"6283162358504@s.whatsapp.net","uang":938},{"id":"6283156684615@s.whatsapp.net","uang":386},{"id":"6289628539973@s.whatsapp.net","uang":657},{"id":"6283897819358@s.whatsapp.net","uang":2827},{"id":"6282161219403@s.whatsapp.net","uang":840},{"id":"62895346285772@s.whatsapp.net","uang":3695},{"id":"62895803746011@s.whatsapp.net","uang":560},{"id":"6281367999361@s.whatsapp.net","uang":935},{"id":"628882343812@s.whatsapp.net","uang":93},{"id":"62895332982014@s.whatsapp.net","uang":14258},{"id":"62895603137812@s.whatsapp.net","uang":382},{"id":"6288239234709@s.whatsapp.net","uang":1606},{"id":"6289664708826@s.whatsapp.net","uang":1694},{"id":"6285602837347@s.whatsapp.net","uang":187},{"id":"6285884444822@s.whatsapp.net","uang":5026},{"id":"6285705930549@s.whatsapp.net","uang":186},{"id":"6285792609298@s.whatsapp.net","uang":1044},{"id":"6282256084208@s.whatsapp.net","uang":1324},{"id":"628871212078@s.whatsapp.net","uang":286},{"id":"62887436646272@s.whatsapp.net","uang":1237},{"id":"6285942112818@s.whatsapp.net","uang":10235},{"id":"6285294377021@s.whatsapp.net","uang":2443},{"id":"6281354653679@s.whatsapp.net","uang":1050},{"id":"6281263615863@s.whatsapp.net","uang":948},{"id":"6282130980680@s.whatsapp.net","uang":1127},{"id":"6283824442304@s.whatsapp.net","uang":1718},{"id":"6285253777504@s.whatsapp.net","uang":842},{"id":"6282268640507@s.whatsapp.net","uang":572},{"id":"628996554883@s.whatsapp.net","uang":5836},{"id":"62859176877769@s.whatsapp.net","uang":3324},{"id":"6281573240644@s.whatsapp.net","uang":2854},{"id":"6283106284897@s.whatsapp.net","uang":1049},{"id":"6285739720009@s.whatsapp.net","uang":388},{"id":"6282228596619@s.whatsapp.net","uang":3408},{"id":"6285281678400@s.whatsapp.net","uang":14735},{"id":"6285691890852@s.whatsapp.net","uang":388},{"id":"6283159625877@s.whatsapp.net","uang":2181},{"id":"6283140217653@s.whatsapp.net","uang":374},{"id":"6285770781045@s.whatsapp.net","uang":97},{"id":"6282363868296@s.whatsapp.net","uang":14276},{"id":"6289648099251@s.whatsapp.net","uang":2655},{"id":"628889340121@s.whatsapp.net","uang":2589},{"id":"919123140213@s.whatsapp.net","uang":288},{"id":"6281227829091@s.whatsapp.net","uang":1041},{"id":"6289602707825@s.whatsapp.net","uang":4365},{"id":"6288299274257@s.whatsapp.net","uang":2566},{"id":"6285784864255@s.whatsapp.net","uang":0},{"id":"6282117685215@s.whatsapp.net","uang":278},{"id":"6287893478735@s.whatsapp.net","uang":5755},{"id":"6285869566385@s.whatsapp.net","uang":8440},{"id":"6283173938705@s.whatsapp.net","uang":14481},{"id":"6288225007684@s.whatsapp.net","uang":1237},{"id":"6282172951178@s.whatsapp.net","uang":93},{"id":"6283167082099@s.whatsapp.net","uang":1144},{"id":"6282352127138@s.whatsapp.net","uang":3487},{"id":"6282159486153@s.whatsapp.net","uang":2742},{"id":"6281949382630@s.whatsapp.net","uang":1319},{"id":"6281807529466@s.whatsapp.net","uang":190},{"id":"6285895362521@s.whatsapp.net","uang":280},{"id":"6285758749895@s.whatsapp.net","uang":372},{"id":"6281293715694@s.whatsapp.net","uang":95},{"id":"6282378524995@s.whatsapp.net","uang":1815},{"id":"62895704151428@s.whatsapp.net","uang":471},{"id":"6283891411268@s.whatsapp.net","uang":20101},{"id":"6285394106590@s.whatsapp.net","uang":4639},{"id":"6289524664142@s.whatsapp.net","uang":10342},{"id":"6283829246338@s.whatsapp.net","uang":0},{"id":"6281553498695@s.whatsapp.net","uang":378},{"id":"6283171097252@s.whatsapp.net","uang":285},{"id":"6285231318853@s.whatsapp.net","uang":850},{"id":"6285782354674@s.whatsapp.net","uang":2654},{"id":"6283197488393@s.whatsapp.net","uang":287},{"id":"6283192214561@s.whatsapp.net","uang":2440},{"id":"6281343056851@s.whatsapp.net","uang":0},{"id":"6285866295942@s.whatsapp.net","uang":93},{"id":"6285775895169@s.whatsapp.net","uang":774},{"id":"6281288806778@s.whatsapp.net","uang":1400},{"id":"6288238455249@s.whatsapp.net","uang":1028},{"id":"6287773934243@s.whatsapp.net","uang":1035},{"id":"6289652013427@s.whatsapp.net","uang":96},{"id":"6283141727903@s.whatsapp.net","uang":50315},{"id":"62895422885307@s.whatsapp.net","uang":9317},{"id":"6283186561317@s.whatsapp.net","uang":1135},{"id":"6282285350967@s.whatsapp.net","uang":476},{"id":"6285817812250@s.whatsapp.net","uang":9295},{"id":"6285713681675@s.whatsapp.net","uang":2560},{"id":"6285852783372@s.whatsapp.net","uang":2091},{"id":"6287773934243@s.whatsapp.net","uang":37298},{"id":"6281288806778@s.whatsapp.net","uang":4254},{"id":"6283808011837@s.whatsapp.net","uang":4968},{"id":"6281358111132@s.whatsapp.net","uang":0},{"id":"6282256084208@s.whatsapp.net","uang":92},{"id":"6287750962485@s.whatsapp.net","uang":96},{"id":"6281263615863@s.whatsapp.net","uang":377},{"id":"6283111895333@s.whatsapp.net","uang":4385},{"id":"6285894517503@s.whatsapp.net","uang":7968},{"id":"6281354653679@s.whatsapp.net","uang":2445},{"id":"6285869566385@s.whatsapp.net","uang":12922},{"id":"6285358313687@s.whatsapp.net","uang":94},{"id":"6282245511879@s.whatsapp.net","uang":473},{"id":"6281517538136@s.whatsapp.net","uang":2365},{"id":"6282150511754@s.whatsapp.net","uang":22702},{"id":"6285225859392@s.whatsapp.net","uang":17120},{"id":"6281545444349@s.whatsapp.net","uang":8337},{"id":"6282317331165@s.whatsapp.net","uang":10749},{"id":"6281211759211@s.whatsapp.net","uang":10384},{"id":"6285345819844@s.whatsapp.net","uang":3409},{"id":"6283820658771@s.whatsapp.net","uang":12728},{"id":"6285959696824@s.whatsapp.net","uang":5111},{"id":"6283180671136@s.whatsapp.net","uang":96},{"id":"62887436026119@s.whatsapp.net","uang":9671},{"id":"6288298603557@s.whatsapp.net","uang":10095},{"id":"6281572248964@s.whatsapp.net","uang":63795},{"id":"6283151516695@s.whatsapp.net","uang":2275},{"id":"6285877012518@s.whatsapp.net","uang":21467},{"id":"6288289976166@s.whatsapp.net","uang":669},{"id":"6282144626254@s.whatsapp.net","uang":1605},{"id":"6288214368594@s.whatsapp.net","uang":1787},{"id":"6281215956229@s.whatsapp.net","uang":4423},{"id":"6289635992348@s.whatsapp.net","uang":751},{"id":"6285602837347@s.whatsapp.net","uang":1794},{"id":"62895332982014@s.whatsapp.net","uang":6676},{"id":"6282246903852@s.whatsapp.net","uang":284},{"id":"6289652013427@s.whatsapp.net","uang":1610},{"id":"6282134527579@s.whatsapp.net","uang":562},{"id":"6287828564139@s.whatsapp.net","uang":0},{"id":"6289669054954@s.whatsapp.net","uang":670},{"id":"6283101364299@s.whatsapp.net","uang":565},{"id":"12036665299@s.whatsapp.net","uang":8330},{"id":"6281227829091@s.whatsapp.net","uang":12406},{"id":"6283869307554@s.whatsapp.net","uang":14836},{"id":"6288270965018@s.whatsapp.net","uang":6615},{"id":"6285702102880@s.whatsapp.net","uang":1052},{"id":"6285759784595@s.whatsapp.net","uang":1225},{"id":"6283800211095@s.whatsapp.net","uang":13056},{"id":"6287893478735@s.whatsapp.net","uang":1324},{"id":"6285238200180@s.whatsapp.net","uang":760},{"id":"6282363245274@s.whatsapp.net","uang":3686},{"id":"628889340121@s.whatsapp.net","uang":967},{"id":"6287899236416@s.whatsapp.net","uang":845},{"id":"6287894015233@s.whatsapp.net","uang":6257},{"id":"6282374783484@s.whatsapp.net","uang":5085},{"id":"6288220270652@s.whatsapp.net","uang":3313},{"id":"62895803746011@s.whatsapp.net","uang":467},{"id":"6285885751157@s.whatsapp.net","uang":95},{"id":"6288808670134@s.whatsapp.net","uang":1718},{"id":"6281357245196@s.whatsapp.net","uang":9682},{"id":"6287787110828@s.whatsapp.net","uang":1706},{"id":"6281286497036@s.whatsapp.net","uang":1344},{"id":"62895379190400@s.whatsapp.net","uang":98},{"id":"6282216661765@s.whatsapp.net","uang":16197},{"id":"62895333390883@s.whatsapp.net","uang":2541},{"id":"6282178980521@s.whatsapp.net","uang":1520},{"id":"62895800158886@s.whatsapp.net","uang":3289},{"id":"6282116951330@s.whatsapp.net","uang":1524},{"id":"6281291698592@s.whatsapp.net","uang":1515},{"id":"6281235590136@s.whatsapp.net","uang":565},{"id":"6285932243545@s.whatsapp.net","uang":97},{"id":"6285264896125@s.whatsapp.net","uang":1788},{"id":"6289605126100@s.whatsapp.net","uang":866},{"id":"6281278225066@s.whatsapp.net","uang":22873},{"id":"6282281984242@s.whatsapp.net","uang":1136},{"id":"6283140782386@s.whatsapp.net","uang":98},{"id":"6289686002830@s.whatsapp.net","uang":3299},{"id":"628112991057@s.whatsapp.net","uang":2477},{"id":"628996554883@s.whatsapp.net","uang":99},{"id":"6281367999361@s.whatsapp.net","uang":0},{"id":"62881024483653@s.whatsapp.net","uang":3435},{"id":"628127646580@s.whatsapp.net","uang":555},{"id":"6282137749328@s.whatsapp.net","uang":7968},{"id":"6285802866330@s.whatsapp.net","uang":2373},{"id":"6283173938705@s.whatsapp.net","uang":3058},{"id":"6281342126289@s.whatsapp.net","uang":2351},{"id":"6281285305905@s.whatsapp.net","uang":382},{"id":"6288299274257@s.whatsapp.net","uang":3592},{"id":"6289508666584@s.whatsapp.net","uang":479},{"id":"6285713621400@s.whatsapp.net","uang":183},{"id":"628975781957@s.whatsapp.net","uang":99},{"id":"62859176877769@s.whatsapp.net","uang":98},{"id":"6288216113756@s.whatsapp.net","uang":195},{"id":"6282259682327@s.whatsapp.net","uang":289},{"id":"6283848738763@s.whatsapp.net","uang":1812},{"id":"6282220640909@s.whatsapp.net","uang":1522},{"id":"62895412513427@s.whatsapp.net","uang":1050},{"id":"628871212078@s.whatsapp.net","uang":389},{"id":"6281382325200@s.whatsapp.net","uang":4676},{"id":"6289648099251@s.whatsapp.net","uang":1353},{"id":"6282245431626@s.whatsapp.net","uang":377},{"id":"6285782354674@s.whatsapp.net","uang":5384},{"id":"6289525935179@s.whatsapp.net","uang":945},{"id":"6285710805759@s.whatsapp.net","uang":0},{"id":"6283151983029@s.whatsapp.net","uang":288},{"id":"6282195309799@s.whatsapp.net","uang":90},{"id":"6283139679932@s.whatsapp.net","uang":192},{"id":"6285732266889@s.whatsapp.net","uang":96},{"id":"6282172803249@s.whatsapp.net","uang":6603},{"id":"6285727128862@s.whatsapp.net","uang":466},{"id":"6285807107404@s.whatsapp.net","uang":842},{"id":"62895331428881@s.whatsapp.net","uang":0},{"id":"6288806694940@s.whatsapp.net","uang":1505},{"id":"6283197488393@s.whatsapp.net","uang":99},{"id":"6285884444822@s.whatsapp.net","uang":768},{"id":"6285718038935@s.whatsapp.net","uang":1334},{"id":"6288270857554@s.whatsapp.net","uang":98},{"id":"6283837261215@s.whatsapp.net","uang":190}]